Title,Price,Description,Link,Date,Condition,Fetched Timestamp
Title not found,Price not found,Description not found,https://autot.tori.fi,Date not found,Condition not found,2023-10-02 01:02:45
"Gigabyte RTX 3060 Ti Eagle 8GB, LHR",250.00,"Lisätiedot
			Keskisarjan nVidia RTX 3060Ti -piirin
näytönohjain. Tuulettimet kunnossa, lämmöt ok,
kortti toimii kaikilta osin niinkuin pitääkin.
Paras valinta myös vanhemman GTX kortin
päivittäjille.GIGABYTE Eagle Geforce RTX 3060 Ti 8GB, LHRLHR malli, jolla ei voi louhia.Pituus: 242 mmLeveys: 124 mmKorkeus: 41 mmhttps://www.gigabyte.com/Graphics-Card/GV-N306TEAGLE-8GD-rev-20Nouto Vantaalta tai postitus hintaan 8,90 euroa.",https://www.tori.fi/uusimaa/Gigabyte_RTX_3060_Ti_Eagle_8GB__LHR_118818362.htm?ca=18&w=1,1 lokakuuta 11:36,-,2023-10-02 01:02:47
Gtx 1650,60.00,"Lisätiedot
			Kuvissa infot, haku Hyvinkäältä",https://www.tori.fi/uusimaa/Gtx_1650_118902901.htm?ca=18&w=1,29 syyskuuta 15:44,Erinomainen,2023-10-02 01:02:48
Geforce GTX 1660 super,100.00,"Lisätiedot
			Msi Geforce GTX ventus XS OC editionOstettu 23.2.2020Käytetty ainoastaan pelailuun ( ei joka päiväiseen
) Ei louhittu.Erinomainen kunto, suoraan käytöstä, myyn uuden
tieltä pois. Täydellinen pakkaus.Käteiskaupat. Nouto Itäkeskuksessa.Ominaisuudet:Piiri: GeForce GTX 1660 SuperCUDA-ydinten määrä: 1408Kellotaajuus: 1830 MHz (Boost)Muisti: 6144 Mt, 192-bit GDDR6Muistin kellotaajuus: 14000 MHzVäylä: PCI-Express 3.01 x HDMI 2.0b, 3 x Display Port 1.4Maksimiresoluutio: 7680 x 4320Näyttöjen maksimimäärä: 4NVLink/SLI-tuki: EiNVIDIA PhysX, CUDAAdaptive V-Sync -tukiG-SYNC -tukiOpenGL 4.5Mitat: 20,4 x 12,8 x 4,2 cmVirtaliittimet: 1 x 8-pinVirrankulutus: 125 WVirtalähdesuositus: 450 W",https://www.tori.fi/uusimaa/Geforce_GTX_1660_super_118901949.htm?ca=18&w=1,29 syyskuuta 15:21,Erinomainen,2023-10-02 01:02:49
Asus Nvidia Geforce GTX 760,25.00,"Lisätiedot
			Hyväkuntoinen, toimivana koneesta irroitettu
Geforce GTX 760 -näytönohjain.  Nouda Taka-Töölöstä!",https://www.tori.fi/uusimaa/Asus_Nvidia_Geforce_GTX_760_118821352.htm?ca=18&w=1,27 syyskuuta 15:00,Hyvä,01:18:16 2023-10-02
Amd Radeon RX 570 Series näytönohjain,120.00,"Lisätiedot
			Kunto: Hyvä.Käyttöaika: 3 vuotta.Muisti: 8 GB.",https://www.tori.fi/uusimaa/Amd_Radeon_RX_570_Series_naytonohjain_118751908.htm?ca=18&w=1,25 syyskuuta 19:59,Hyvä,01:18:17 2023-10-02
MSI GTX 1080 armor,140.00,"Lisätiedot
			Vanha kunnon näyttis ja pelittää hyvin. Hieman
pölyinen on, puhdistus jää ostajalle. Tuulettimet
ei äännä ja kaikki toimii kuten pitääkin. Ei
pakettia tallessa. Käytettynä hankittu. Hinta on
hyvä sellaisenaan. Nouto Espoonlahdesta tai
mahdollisesti Lohjalta viikonloppuisin. Postitus
myös onnistuu, maksu etukäteen ja ostaja maksaa
postikulut. Käteinen tai mobilepay. Suunnilleen
yhtä tehokas kuin RTX 3060.Hakusanoja : näytönohjain, nvidia geforce, kortti",https://www.tori.fi/uusimaa/MSI_GTX_1080_armor_118722215.htm?ca=18&w=1,25 syyskuuta 11:08,Hyvä,01:18:18 2023-10-02
3090ti,950.00,"Lisätiedot
			erinomaisessa kunnossa oleva 3090ti suprim xostettu jimsiltä: 2.8.2022 eli vielä 2 vuotta
löytyy takuuta.nouto vain karkkilasta. Hinta on tiukka.",https://www.tori.fi/uusimaa/3090ti_118719047.htm?ca=18&w=1,25 syyskuuta 09:58,Erinomainen,01:18:19 2023-10-02
MSI Radeon Rx5700 XT gaming x,185.00,"Lisätiedot
			Myynnissä tehokas näytönohjain ostettu 19.06.2020
verkkokaupasta kuitti löytyy. Uuden tieltä pois,
alkuvuodesta asti ollut käyttömättämänä. Sopii
hyvinn full hd ja uhd pelaamiseen.",https://www.tori.fi/uusimaa/MSI_Radeon_Rx5700_XT_gaming_x_118703661.htm?ca=18&w=1,24 syyskuuta 19:45,Erinomainen,01:18:20 2023-10-02
Radeon 5600 xt näytönohjain,120.00,"Lisätiedot
			Sapphire radeon 5600 xt pulse näytönohjain.
Pelattu cs:go, ei juuri muuta...Kortissa korkeampien kellotaajuuksien bios
(https://www.pcgamer.com/sapphire-details-how-to-update-its-radeon-rx-5600-pulse-bios-to-make-it-run-faster/).Voi myös tarjota vähemmän, jos hinta on mielestäsi
kohtuuton. Mut menee ekalle täyden hinnan
tarjoajalle.",https://www.tori.fi/uusimaa/Radeon_5600_xt_naytonohjain_118237422.htm?ca=18&w=1,14 syyskuuta 19:29,Erinomainen,01:18:21 2023-10-02
Gigabyte G1 gaming GTX 970,50.00,"Lisätiedot
			Siisti näyttis orkkis laatikossa. Muistaakseni 3kk
sitten vaihdoin tahnat ja ajoin rasitustestiä
useamman tunnin.Kolmiosainen iso jäähy kolmella tuulettimella, GTX
970 korteista vahvin virransyöttö.",https://www.tori.fi/uusimaa/Gigabyte_G1_gaming_GTX_970_117415732.htm?ca=18&w=1,27 elokuuta 14:04,Hyvä,01:18:23 2023-10-02
Gigabyte GeForce RTX 2070 Super Gaming OC 8G,300.00,"Lisätiedot
			FeaturesPowered by GeForce® RTX 2070 SUPERIntegrated with 8GB GDDR6 256-bit memory
interface. WINDFORCE 3X Cooling System with
alternate spinning fans RGB Fusion 2.0 synchronize
with other AORUS devices. Metal Back Plate.",https://www.tori.fi/uusimaa/Gigabyte_GeForce_RTX_2070_Super_Gaming_OC_8G_117064601.htm?ca=18&w=1,19 elokuuta 20:49,Erinomainen,01:18:24 2023-10-02
Manli Geforce Rtx 3060 Ti,270.00,"Lisätiedot
			Pituus 265 mm. 2x8 lisävirrat.",https://www.tori.fi/uusimaa/Manli_Geforce_Rtx_3060_Ti_118875026.htm?ca=18&w=1,28 syyskuuta 19:29,Erinomainen,01:28:09 2023-10-02
Geforce GTX 1660 Super Ghost / Takuu voimassa,120.00,"Lisätiedot
			Erinomaisesti toimiva ja tehokas Geforce GTX 1660
Super 6 GB  näytönohjain, joka suunniteltu
pelaamiseen. Itse pelannut tällä mm. RDR2 ja
vastaavia pelejä. Ikää näytönohjaimella on pari
vuotta ja takuuta vajaa vuosi vielä jäljellä.
Mukaan kuitti Verkkokauppaan.Lisätiedothttps://www.verkkokauppa.com/fi/product/692974/Gainward-GeForce-GTX-1660-SUPER-Ghost-OC-naytonohjainOminaisuudet:Piiri: GeForce GTX 1660 SuperCUDA-ydinten määrä: 1408Kellotaajuus: 1830 MHz (Boost)Muisti: 6144 Mt, 192-bit GDDR6Muistin kellotaajuus: 14000 MHzVäylä: PCI-Express 3.01 x HDMI 2.0, Display Port 1.4. DVI-DMaksimiresoluutio: 7680 x 4320Näyttöjen maksimimäärä: 3NVLink/SLI-tuki: EiNVIDIA PhysX, CUDAAdaptive V-Sync -tukiG-SYNC -tukiOpenGL 4.5Mitat: 235 x 115 mm / 2 slotVirtaliittimet: 1 x 8-pinVirtalähdesuositus: 450 WNouto tai postit 6e lisätään hintaan.",https://www.tori.fi/uusimaa/Geforce_GTX_1660_Super_Ghost___Takuu_voimassa_118853369.htm?ca=18&w=1,28 syyskuuta 11:49,Erinomainen,01:28:10 2023-10-02
Rog Strix Ge Force Rtx 3070,450.00,"Lisätiedot
			Myynnissä uudenveroinen näytönohjain. Nouto koivukylästä tai pk lisätään.",https://www.tori.fi/uusimaa/Rog_Strix_Ge_Force_Rtx_3070_118850735.htm?ca=18&w=1,28 syyskuuta 10:47,Erinomainen,01:28:11 2023-10-02
Asus GeForce GTX 1650 4gb GDDR4,50.00,"Lisätiedot
			Hyvässä kunnossa oleva näyttis, säilytetty mukana
tulleessa pussissa. Postitus omalla vastuulla,
mieluiten nouto Kivenlahdesta.",https://www.tori.fi/uusimaa/Asus_GeForce_GTX_1650_4gb_GDDR4_118825727.htm?ca=18&w=1,27 syyskuuta 16:35,Hyvä,01:28:11 2023-10-02
Asus Nvidia Geforce GTX 760,25.00,"Lisätiedot
			Hyväkuntoinen, toimivana koneesta irroitettu
Geforce GTX 760 -näytönohjain.  Nouda Taka-Töölöstä!",https://www.tori.fi/uusimaa/Asus_Nvidia_Geforce_GTX_760_118821352.htm?ca=18&w=1,27 syyskuuta 15:00,Hyvä,01:28:12 2023-10-02
Title not found,Price not found,Description not found,https://autot.tori.fi,Date not found,Condition not found,01:28:15 2023-10-02
Title not found,Price not found,Description not found,https://autot.tori.fi/vaihtoautot?korimalli=avolava,Date not found,Condition not found,01:28:16 2023-10-02
Title not found,Price not found,Description not found,https://autot.tori.fi/vaihtoautot?korimalli=avoauto&hinta-max=8000,Date not found,Condition not found,01:28:17 2023-10-02
Title not found,Price not found,Description not found,https://autot.tori.fi/vaihtoautot?korimalli=farmari%2Ctila-auto,Date not found,Condition not found,01:28:18 2023-10-02
(VARATTU 2.10. ASTI) Sapphire Pulse 5700 XT,150.00,"Lisätiedot
			Ollut pelikäytössä. Mukaan alkuperäinen pakkaus.
Ostettu Jimssiltä 2020.Nouto Käpylästä tai postitus.",https://www.tori.fi/uusimaa/_VARATTU_2_10__ASTI__Sapphire_Pulse_5700_XT_118820927.htm?ca=18&w=1,27 syyskuuta 14:51,Hyvä,01:28:19 2023-10-02
Asus tuf rx 6900xt top edition,650.00,"Lisätiedot
			Myydään tuf rx6900xt top edition. Toimii niinkuin
pitääkin. Ostettu jimms 5.8.2022. Eli takuuta
reippaasti jäljellä. Takuulappu ja
alkuperäislaatikko mukaan.",https://www.tori.fi/uusimaa/Asus_tuf_rx_6900xt_top_edition_118817917.htm?ca=18&w=1,27 syyskuuta 13:49,Erinomainen,01:28:21 2023-10-02
Asus Strix 6750 xt,450.00,"Lisätiedot
			6750xt Strix näytönohjain myyntiin seuraavan
tieltä.Alkuperäinen pakkaus ja kuitti tallessa.Ostettu 10.12.2022, joten takuuta vielä reilusti
jäljellä.",https://www.tori.fi/uusimaa/Asus_Strix_6750_xt_118817297.htm?ca=18&w=1,27 syyskuuta 13:36,Erinomainen,01:28:22 2023-10-02
NVIDIA Quadro RTX 4000 8 Gt -näytönohjain,1357.00,"Lisätiedot
			Vaihdetaan vastaavan hintaiseen peli
näytönohjaimeen.https://www.verkkokauppa.com/fi/product/582040/PNY-NVIDIA-Quadro-RTX-4000-8-Gt-naytonohjain",https://www.tori.fi/uusimaa/NVIDIA_Quadro_RTX_4000_8_Gt__naytonohjain_118785780.htm?ca=18&w=1,26 syyskuuta 17:13,Erinomainen,01:28:23 2023-10-02
EVGA Geforce GTX 980 Ti,90.00,"Lisätiedot
			Myydään käytetty näytönohjain. Takuuta, kuittia
tai alkuperäistä pakkausta ei enää jäljellä. Hinta
ei sisällä postikuluja.",https://www.tori.fi/uusimaa/EVGA_Geforce_GTX_980_Ti_118785742.htm?ca=18&w=1,26 syyskuuta 17:12,Hyvä,01:28:24 2023-10-02
Inno3D Geforce GTX 1070,90.00,"Lisätiedot
			Siitä uuden näytönohjaimen tieltä vanha myyntiin.
Näytönohjain tullut konepaketissa 2020 ja ollut
siitä lähtien pelkällä pelikäytöllä. Toinen
tuulettimista on vaihdon tarpeessa. ( jopa
pienikin rasitus saa ääntämään vähän kovemmin)
mutta toimii silti huoletta. Tahnat vaihdettu
juuri. Testattu toimivaksi ja lämmöt rasituksessa
max 77 astetta (furmark) Pakettia ei ole, joten mielellään nouto
Mäntsälästä. Näytönohjainta voi testata
halutessaan paikanpäällä.",https://www.tori.fi/uusimaa/Inno3D_Geforce_GTX_1070_118767235.htm?ca=18&w=1,26 syyskuuta 10:54,Hyvä,01:28:25 2023-10-02
"Rtx 3090 24gb, helsinki",1100.00,"Lisätiedot
			Hankin tämän tekoälyllä tehtävään
kuvanmuokkaukseen, mutta en enää tarvitse sitä. Ei
ole louhittu, eikä juurikaan muuten käytetty.
Alkuperäinen pakkaus. Haettavissa Malmilta.
Käteisellä.",https://www.tori.fi/uusimaa/Rtx_3090_24gb__helsinki_118762279.htm?ca=18&w=1,26 syyskuuta 08:43,Erinomainen,01:28:26 2023-10-02
GeForce GTX 1050 Ti GAMING X 4G,50.00,"Lisätiedot
			Muutaman vuoden käytössä ollut normaali kuntoinen
näytönohjain.",https://www.tori.fi/uusimaa/GeForce_GTX_1050_Ti_GAMING_X_4G_118762119.htm?ca=18&w=1,26 syyskuuta 08:38,Erinomainen,01:28:27 2023-10-02
Amd Radeon RX 570 Series näytönohjain,120.00,"Lisätiedot
			Kunto: Hyvä.Käyttöaika: 3 vuotta.Muisti: 8 GB.",https://www.tori.fi/uusimaa/Amd_Radeon_RX_570_Series_naytonohjain_118751908.htm?ca=18&w=1,25 syyskuuta 19:59,Hyvä,01:28:28 2023-10-02
ASUS Phoenix GeForce GTX 1660 Ti OC edition,130.00,"Lisätiedot
			Used GTX 1660 Ti for sale. Works well, selling due
to upgrade. Pickup from Lehtisaari.",https://www.tori.fi/uusimaa/ASUS_Phoenix_GeForce_GTX_1660_Ti_OC_edition_118734549.htm?ca=18&w=1,25 syyskuuta 14:54,Erinomainen,01:28:29 2023-10-02
Asus DUAL RTX2060 OC 6 GB EVO,140.00,"Lisätiedot
			Suoraan käytöstä, ensimmäiseltä omistajalta,
virheettömästi ja ongelmitta palvellut
pelinäytönohjain FullHD pelaamiseen. Ei ole
louhittu, jäähyä ei ole irrotettu, eikä muutenkaan
räpelletty. Pölyjä puhalleltu pois tasaisin
väliajoin paineilmalla.Mieluiten nouto tai kuljetus pk-seudulla (+10
euron lisähintaan), postitus onnistuu
huolellisesti pakattuna, mutta koska ei ole
originaalipakkauksia, niin postitettaessa en
vastaa kuljetuksessa rikkoutuneesta komponentista.Alla speksit verkkokauppa.comin sivuilta, josta
tämä alunperin ostettukin:Piiri: GeForce RTX 2060CUDA-ydinten määrä: 1920Kellotaajuus OC mode : 1785 MHz (Boost)/ 1395 MHz
(Base)Kellotaajuus Gaming mode : 1755 MHz (Boost)/ 1365
MHz (Base)Muisti: 6144 Mt, 192-bit GDDR6Muistin kellotaajuus: 14000 MHzVäylä: PCI-Express 3.02 x HDMI 2.0b, 1 x Display Port 1.4, 1x Dual-Link
DVI-DMaksimiresoluutio: 7680 x 4320Näyttöjen maksimimäärä: 4NVLink/SLI-tuki: EiNVIDIA PhysX, CUDAAdaptive V-Sync -tukiG-SYNC -tukiOpenGL 4.5Mitat: 24,2 x 13 x 5,3 cmVirtaliittimet: 1 x 8-pinVirtalähdesuositus: 500 W",https://www.tori.fi/uusimaa/Asus_DUAL_RTX2060_OC_6_GB_EVO_118724349.htm?ca=18&w=1,25 syyskuuta 11:49,Erinomainen,01:28:30 2023-10-02
Asus Poseidon 980ti 6gb,90.00,"Lisätiedot
			Siitä tähän hintaan tehokas näytönohjain, ei pidä
ylimääräisiä ääniä yms, mutta on vaan vähän
pölyinen, ollut pelikäytössä viimeksi noin viikko
sitten ja menee myyntiin uuden näytönohjaimen
takia. Pölyt putsaan ennen myymistä.Haku Porvoosta, en postita. Maksu käteinen tai
mobilepay.",https://www.tori.fi/uusimaa/Asus_Poseidon_980ti_6gb_118722635.htm?ca=18&w=1,25 syyskuuta 11:17,Hyvä,01:28:30 2023-10-02
MSI GTX 1080 armor,140.00,"Lisätiedot
			Vanha kunnon näyttis ja pelittää hyvin. Hieman
pölyinen on, puhdistus jää ostajalle. Tuulettimet
ei äännä ja kaikki toimii kuten pitääkin. Ei
pakettia tallessa. Käytettynä hankittu. Hinta on
hyvä sellaisenaan. Nouto Espoonlahdesta tai
mahdollisesti Lohjalta viikonloppuisin. Postitus
myös onnistuu, maksu etukäteen ja ostaja maksaa
postikulut. Käteinen tai mobilepay. Suunnilleen
yhtä tehokas kuin RTX 3060.Hakusanoja : näytönohjain, nvidia geforce, kortti",https://www.tori.fi/uusimaa/MSI_GTX_1080_armor_118722215.htm?ca=18&w=1,25 syyskuuta 11:08,Hyvä,01:28:31 2023-10-02
3090ti,950.00,"Lisätiedot
			erinomaisessa kunnossa oleva 3090ti suprim xostettu jimsiltä: 2.8.2022 eli vielä 2 vuotta
löytyy takuuta.nouto vain karkkilasta. Hinta on tiukka.",https://www.tori.fi/uusimaa/3090ti_118719047.htm?ca=18&w=1,25 syyskuuta 09:58,Erinomainen,01:28:32 2023-10-02
Asus 2060 Dual OC - Vaihto,140.00,"Lisätiedot
			Asus 2060 Dual OC.Normaali käytössä, muutama päivä viikossa. Olisiko
2v-3v ikää.   Vaihdetaan 2060+rahaa. -->Tehokkaampaan Nvidia tai AMD korttiin.Nvidia alkaen RTX 3060AMD alkaen RX 6750",https://www.tori.fi/uusimaa/Asus_2060_Dual_OC___Vaihto_118708405.htm?ca=18&w=1,24 syyskuuta 21:07,Hyvä,01:28:33 2023-10-02
MSI Radeon Rx5700 XT gaming x,185.00,"Lisätiedot
			Myynnissä tehokas näytönohjain ostettu 19.06.2020
verkkokaupasta kuitti löytyy. Uuden tieltä pois,
alkuvuodesta asti ollut käyttömättämänä. Sopii
hyvinn full hd ja uhd pelaamiseen.",https://www.tori.fi/uusimaa/MSI_Radeon_Rx5700_XT_gaming_x_118703661.htm?ca=18&w=1,24 syyskuuta 19:45,Erinomainen,01:28:34 2023-10-02
GTG-1070 8Gb näytönohjain,100.00,"Lisätiedot
			Näyttis GTG-1070 8Gb pituus 243\255 kork 130 lev 2 korttipaikkaa 8-pin
virtaliitin2xhdmi, 2xDP, 1xDVINouto/postitus",https://www.tori.fi/uusimaa/GTG_1070_8Gb_naytonohjain_118681729.htm?ca=18&w=1,24 syyskuuta 14:51,Erinomainen,01:28:35 2023-10-02
Rtx 2060,120.00,"Lisätiedot
			KFA2 Geforce RTX 2060 6GBKuvan mukainen toimiva grafiikkakortti.Postitse +6,80",https://www.tori.fi/uusimaa/Rtx_2060_118679622.htm?ca=18&w=1,24 syyskuuta 14:24,Hyvä,01:28:36 2023-10-02
Asus RTX 2070 Super,300.00,"Lisätiedot
			Täysin toimiva 2019 vuoden lippulaiva. Pyörittää
uusiakin pelejä 1440p hyvin ja 1080p kuin sulaa
voita pannulla. Lähtee myyntiin 4070 alta
pyörimästä. Ei postitusta, vain nouto.
Alkuperäinen pakkaus ehkä jossain, mutta en
löytänyt tähän hätään.",https://www.tori.fi/uusimaa/Asus_RTX_2070_Super_118664632.htm?ca=18&w=1,24 syyskuuta 11:04,Erinomainen,01:28:37 2023-10-02
"EVGA 1050ti - Superclocked -näytönohjain, GPU",69.00,"Lisätiedot
			Pyydä parempaa kuvaa jos olet kiinnostunut; en
vaivautunut irrottaa korttia koneesta ennen
kysyjiä.Kortti toimii edelleen niin kuin pitää, eli
pyörittää useimpia pelejä mid-asetuksilla ja
moderneja AAA pelejä minimiasetuksilla.Tarjoa tai kysy lisää",https://www.tori.fi/uusimaa/EVGA_1050ti___Superclocked__naytonohjain__GPU_118283369.htm?ca=18&w=1,23 syyskuuta 21:11,Hyvä,01:28:38 2023-10-02
Asus strix gtx 960,30.00,"Lisätiedot
			hyväkuntoinen näytönohjain useimmat pelit pyörii
hyvinhaku hyvinkää",https://www.tori.fi/uusimaa/Asus_strix_gtx_960_118626649.htm?ca=18&w=1,23 syyskuuta 13:56,Hyvä,01:28:39 2023-10-02
MSI Nvidia GeForce GTX 1070 ARMOR 8G OC,99.00,"Lisätiedot
			Hyvä ja hiljainen näytönohjain.Valmistajan antamat tiedot:Core/MemoryBoost Clock / Base Clock1746 MHz / 1556 MHz8192 MB GDDR5 / 8008 MHz MemoryVideo Output FunctionDisplayPort x 3HDMI x 1Dual-link DVI-D x 1FeaturesVirtual Reality ReadyDirectX 12 ReadyGreat for 4KGamestream to NVIDIA SHIELD",https://www.tori.fi/uusimaa/MSI_Nvidia_GeForce_GTX_1070_ARMOR_8G_OC_118612158.htm?ca=18&w=1,23 syyskuuta 10:22,Hyvä,01:28:40 2023-10-02
Diamond Viper TNT V550 16MB AGP,25.00,"Lisätiedot
			Diamond Viper TNT V550 16MB AGP Passeli näytönohjain retroiluun. Toimii.Nouto tai postitus +7e.Hakusanoja: retro ibm pc glide 3dfx multimedia",https://www.tori.fi/uusimaa/Diamond_Viper_TNT_V550_16MB_AGP_118580473.htm?ca=18&w=1,22 syyskuuta 13:12,Hyvä,01:28:41 2023-10-02
Rx 5600 xt,120.00,"Lisätiedot
			Myydään hyväkuntoinen näytönohjain. Kortilla ei
ole louhittu ja käytetty vain pelaamiseen. Lämmöt
eivät ole nousseet yli 60 asteeseen. Nouto
Helsingistä",https://www.tori.fi/uusimaa/Rx_5600_xt_118571647.htm?ca=18&w=1,22 syyskuuta 09:48,Erinomainen,01:28:42 2023-10-02
Tuf-gtx1660s 6gb,100.00,"Lisätiedot
			Myydään hyväkuntoinen TUF GTX 1660S",https://www.tori.fi/uusimaa/Tuf_gtx1660s_6gb_118549285.htm?ca=18&w=1,21 syyskuuta 16:38,Erinomainen,01:28:43 2023-10-02
Näytönohjain - MSI GeForce GTX 960 Gaming 2GB,45.00,"Lisätiedot
			MSI GeForce GTX 960 Gaming HDMI 3xDP 2GBVoit soittaa, tai tekstata minulle numeroon...WhatsApp:lla sekä normaalisti:Puh. 0400516246Muista katsella muutkin Tori-ilmoitukseni.Kirjainmerkitse Kaikki-Ilmoitukseni Sivut...(Myytävä vaihtuu Usein.)Otan Kaikenlaisia Tarjouksia Vastaan...",https://www.tori.fi/uusimaa/Naytonohjain___MSI_GeForce_GTX_960_Gaming_2GB_118519247.htm?ca=18&w=1,20 syyskuuta 21:15,Erinomainen,01:28:44 2023-10-02
MSI Geforce GTX 1060 6GT OCV1 6GB PCI-E,60.00,"Lisätiedot
			Myynnissä ylimääräiseksi jäänyt GTX1060 6GB,
hyvässä kunnossa. Lämmöt seurattu säännöllisesti
ja aina viileänä pysynyt. Pyörittää mukavasti
valtaosan peleistä, ihan uusimmat pelit alkavat
jäämään hieman jälkeen tässä raudassa.Ominaisuudet:Piiri: GeForce GTX 1060 1544 MHz (boost clock 1759
MHz)Muisti: 6144 Mt, GDDR5, 8008 MHzVäylä: PCI-Express 3.0Dual-link DVI, HDMI, Display PortNVIDIA PhysX, CUDAHDCP-tukiG-SYNC -tukiAdaptive V-Sync -tuki3D Vision Surround -tukiVain nouto Järvenpää / KinnariMobilepay tai käteinen.",https://www.tori.fi/uusimaa/MSI_Geforce_GTX_1060_6GT_OCV1_6GB_PCI_E_118498003.htm?ca=18&w=1,20 syyskuuta 14:17,Hyvä,01:28:45 2023-10-02
Gtx460 ja Radeon HD6750,25.00,"Lisätiedot
			Radeon täysin käyttövalmis. Erikoisuutena 2xMiniDP
+ perusliittimet.Nvidia ilman jäähyä. Molemmat kuvissa näkyvät saa
helposti askarreltua kiinni.Nouto Pasilasta.",https://www.tori.fi/uusimaa/Gtx460_ja_Radeon_HD6750_118478138.htm?ca=18&w=1,19 syyskuuta 22:43,-,01:28:46 2023-10-02
GTX 1070 Strix,99.00,"Lisätiedot
			Siitä hyvä näyttis pelaukseen.Ollu itsellä koneessa pelikäytössä nyt viitisen
vuotta. Lähettää en voi koska laatikkoa ei ole.
Ainoa miinus on että on aika pölynen.",https://www.tori.fi/uusimaa/GTX_1070_Strix_118475800.htm?ca=18&w=1,19 syyskuuta 21:30,Hyvä,01:28:47 2023-10-02
Nvidia RTX 3060 näytönohjain,190.00,"Lisätiedot
			Lyhyt, 2 tuulettimen malli. Ollut käytössä puoli
vuotta. Uutta vastaava kunto",https://www.tori.fi/uusimaa/Nvidia_RTX_3060_naytonohjain_118475750.htm?ca=18&w=1,19 syyskuuta 21:28,Erinomainen,01:28:48 2023-10-02
Gtx 770,40.00,"Lisätiedot
			toimiva näytönohjain tarjousta vastaan",https://www.tori.fi/uusimaa/Gtx_770_118473247.htm?ca=18&w=1,19 syyskuuta 20:32,Tyydyttävä,01:28:49 2023-10-02
Asus TUF Geforce RTX 3070 OC,400.00,"Lisätiedot
			Otsikon mukainen näytönohjain, täydellinen
myyntipakkaus ja kuitti löytyy. Ainoastaan nouto tai toimitus kaupat pk-seudulla.
Ei postitusta.",https://www.tori.fi/uusimaa/Asus_TUF_Geforce_RTX_3070_OC_118469040.htm?ca=18&w=1,19 syyskuuta 19:11,Erinomainen,01:28:50 2023-10-02
MSI GeForce GTX 1050 2GB,30.00,"Lisätiedot
			Täysin toimiva ja hyväkuntoinen näytönohjain
kevyeen pelaamiseen. Ei vaadi lisävirtaa, eli
soveltuu hyvin esimerkiksi toimistokoneen
muuntamiseksi pelikäyttöön.",https://www.tori.fi/uusimaa/MSI_GeForce_GTX_1050_2GB_118456424.htm?ca=18&w=1,19 syyskuuta 15:16,Erinomainen,01:28:51 2023-10-02
GeForce RTX 2080 Ventus 8G näytönohjain,280.00,"Lisätiedot
			Täysin toimiva ja tehokas, pelkästään pelikäytössä
ollut näytönohjain. Myydään uuden tieltä pois.Kaupat mieluiten kasvotusten.",https://www.tori.fi/uusimaa/GeForce_RTX_2080_Ventus_8G_naytonohjain_118456148.htm?ca=18&w=1,19 syyskuuta 15:10,Erinomainen,01:28:52 2023-10-02
Asus tuf RTX 3080,500.00,"Lisätiedot
			Puolitoista kuukautta on ollut käytössä, takuuta
17.04.2025 asti tingitty valmis",https://www.tori.fi/uusimaa/Asus_tuf_RTX_3080_118445185.htm?ca=18&w=1,19 syyskuuta 11:36,Erinomainen,01:28:53 2023-10-02
Title not found,Price not found,Description not found,https://www.tori.fi/koko_suomi?splan=gigantti,Date not found,Condition not found,01:28:54 2023-10-02
Näytönohjain Asus 3060Ti Tuf gaming,300.00,"Lisätiedot
			Näytönohjain Asus 3060Ti Tuf gaming oc 8gb lhr",https://www.tori.fi/uusimaa/Naytonohjain_Asus_3060Ti_Tuf_gaming_118428908.htm?ca=18&w=1,18 syyskuuta 20:16,Erinomainen,01:28:56 2023-10-02
Palit GeForce GTX 1050Ti 4Gb,45.00,"Lisätiedot
			Palit GeForce GTX 1050Ti 4Gb hyvässä kunnossa",https://www.tori.fi/uusimaa/Palit_GeForce_GTX_1050Ti_4Gb_118420194.htm?ca=18&w=1,18 syyskuuta 17:53,-,01:28:57 2023-10-02
"Näytönohjain, emolevy ja virtalähde",30.00,"Lisätiedot
			Tästä n. 15v vanhat osat toimivassa kunnossa.
Emolevy ja virtalähde ehkä n. 4v käytettyjä ja
näytönohjain vuoden.Nyt seisseet yli 10v.Vain nouto.",https://www.tori.fi/uusimaa/Naytonohjain__emolevy_ja_virtalahde__118418668.htm?ca=18&w=1,18 syyskuuta 17:25,Hyvä,01:28:58 2023-10-02
PNY XLR8 GTX 1660 Ti Gaming OC,110.00,"Lisätiedot
			Myyntiin noin vajaan vuoden verran käytössä ollut
näytönohjain. Ostettu torista käytettynä.
Alunperin ostettu Gigantista tammikuussa 2020.
Ollut ainoastaan pelikäytössä ITX kokoonpanossa,
ei mainattu.Vaihdettu hiljattain lämpötahnat sekä puhallettu
pahimmat pölyt pois.Voin lähettää kortin (ostajan kustannuksella),
mutta mieluiten nouto.",https://www.tori.fi/uusimaa/PNY_XLR8_GTX_1660_Ti_Gaming_OC_118370192.htm?ca=18&w=1,17 syyskuuta 17:16,Hyvä,01:28:59 2023-10-02
Gigabyte GTX 1650 OC LP - 4GB GDDR5,100.00,"Lisätiedot
			Gigabyten matalaprofiilinen näytönohjain kaupan.
Ostettu vuoden 2020 kesällä Proshopista (kuitti
löytyy, 2 vuoden takuu päättynyt). Ollut omassa käytössä vuoden verran, ITX
kokoonpanossa peli sekä mediakäytössä. Vaihdettu lämpötahnat hiljattain sekä puhallettu
pahimmat pölyt pois.Mukana alkuperäinen laatikko sekä hilppeet mitä
kortin mukana tullut.Voin lähettää kortin (ostajan kustannuksella),
mutta mieluiten nouto.",https://www.tori.fi/uusimaa/Gigabyte_GTX_1650_OC_LP___4GB_GDDR5_118369326.htm?ca=18&w=1,17 syyskuuta 17:05,Erinomainen,01:29:00 2023-10-02
Asus GTX 580 DirectCUII,60.00,"Lisätiedot
			Laadukas näytönohjain budjettikoneeseen. Itse
pelaillut tällä ja pyörittää hyvin vanhempia
pelejä. Memory size: 1536 MBMemory type: GDDR5Memory clock: 1002 MHzMemory clock (effective): 4008 MHzPortit:2x DVI1x HDMI 1.3a1x DisplayPortVoin toimittaa Matinkylän lähettyvillä ja samoin
Kirkkonummen.",https://www.tori.fi/uusimaa/Asus_GTX_580_DirectCUII_118362400.htm?ca=18&w=1,17 syyskuuta 15:30,Hyvä,01:29:01 2023-10-02
Asus Strix GTX 980 Ti 6GB,100.00,"Lisätiedot
			Myydään ylimääräiseksi jäänyt näytönohjain.
Käytetty ainoastaan kevyehköön pelaamiseen (GTA V
,1080p). Pölyt puhallettu pois koneesta
irroittamisen jälkeen ja lämpötahnat vaihdettu
viime talvena.",https://www.tori.fi/uusimaa/Asus_Strix_GTX_980_Ti_6GB_118305543.htm?ca=18&w=1,16 syyskuuta 14:28,Hyvä,01:29:03 2023-10-02
Nvidia Geforce 1060 6GB,100.00,"Lisätiedot
			Hei, myyn Nvidia Geforce 1060 6GB näytönohjaimen
paremman alta pois.Nouto Kivistöstä tai pk seudun alueella. Maksu
käteinen tai mobilepay",https://www.tori.fi/uusimaa/Nvidia_Geforce_1060_6GB_118264828.htm?ca=18&w=1,15 syyskuuta 15:25,Erinomainen,01:29:04 2023-10-02
PNY 1660Super,99.00,"Lisätiedot
			The GeForce® GTX 1660 SUPER is up to 20% faster
than the original GTX 1660 and up to 1.5X faster
than the previous-generation GTX 1060 6GB. Powered
by the award-winning NVIDIA Turing architecture
and ultra-fast GDDR6 memory, it's a supercharger
for today's most popular games. Time to gear up
and get SUPER.Experience the breakthrough graphics performance
of the award- winning NVIDIA Turing architecture
with GeForce® GTX 16 Series graphics cards and
laptops. Upgrade your PC for performance that's
blazing-fast on today's most popular games, and
even faster with modern titles. Step up to GeForce
GTX.Now the new GeForce GTX SUPER Series has
ultra-fast GDDR6 memory, bringing you performance
that's up to 50% faster than the original GTX 16
Series and up to 2X faster than
previous-generation 10 Series GPUs. It's time to
gear up and get SUPER.KEY FEATURESBased on Turing ArchitectureNVIDIA GeForce ExperienceNVIDIA AnselNVIDIA HighlightsNVIDIA G-SYNC CompatibleGame Ready DriversMicrosoft® DirectX® 12 API, Vulkan API, OpenGL 4.6HDCP 2.2NVIDIA GPU BoostVR ReadySYSTEM REQUIREMENTSPCI Express-compliant motherboard with one
dual-width x16 graphics slotOne 8-pin supplementary power connector450 W or greater system power supply21.5GB available hard-disk space8GB system memory (16GB or higher recommended)Microsoft Windows 10 (April 2018 Update or later),
Windows 7 64-bit, Linux 64-bitInternet connection3",https://www.tori.fi/uusimaa/PNY_1660Super_118246115.htm?ca=18&w=1,15 syyskuuta 04:46,-,01:29:05 2023-10-02
Asus 2070 Dual OC,199.00,"Lisätiedot
			Hyvässä kunnnossa työpöytäkäytöstä. Nouto
etusijalla. Juuri puhdistettu.KAHDEN TUULETTIMEN RAKENNEASUS Dual GeForce® RTX 2070 8G -näytönohjaimessa
suorituskyky ja yksinkertaisuus yhdistyvät
ennennäkemättömällä tavalla, ja se tarjoaa
uusimman NVIDIA Turing -pelikokemuksen
aidoimmillaan. Dual GeForce® RTX 2070 8G
-näytönohjaimessa hyödynnetään
STRIX-lippulaivanäytönohjaimesta johdettua
edistyksellistä jäähdytystekniikkaa, ja teho on
nostettu tyylin yläpuolelle. Siksi se on
täydellinen valinta tasapainotettuun kokoonpanoon.
Valmistaudu huippuluokan pelielämykseen.PATENTOIDUT SIIPITUULETTIMETPatentoitu siipituuletinrakenne on viileä ja
hiljainen, ja perinteisiin aksiaalituulettimiin
verrattuna sen jäähdytyselementtiin kohdistama
staattinen paine on 105 prosenttia suurempi.
IP5X-pölysuojaus estää hiukkasten pääsyn
tuulettimen sisäosiin ja takaa sujuvan toiminnan.0 DESIBELIN TEKNIIKKA0 desibelin tekniikan ansiosta tuulettimet
lakkaavat pyörimästä, kun grafiikkasuorittimen
ytimen lämpötila pysyy alle 55 celsiusasteessa.
Voit siis nauttia pelaamisesta täydellisessä
hiljaisuudessa. Jos lämpötila nousee, tuulettimet
käynnistyvät automaattisesti.2,7-PAIKKAINEN RAKENNETämän sukupolven parhaimmissa näytönohjaimissa on
2,7-paikkainen rakenne suurempaa
jäähdytyselementtiä varten, koska koolla on tässä
tapauksessa merkitystä. Olemme laajentaneet
jäähdytysjärjestelmän kokonaispinta-alaa yli 50
prosentilla aiempaan sukupolveen verrattuna. Jos
haluat saada kaiken mahdollisen irti Dual GeForce®
RTX 2070 8G -näytönohjaimen suorituskyvystä, uusin
rakenteemme tarjoaa huomattavasti enemmän
pelivaraa lämpötilaa ja ylikellottamista
ajatellen. Jos taas tavoittelet huippuluokan
plug-and-play-kokemusta, lämmön lisähajaantuminen
pitää tuulettimet käynnissä alhaisemmilla
nopeuksilla pelaamisen aikana.NVIDIA® G-SYNC -TEKNIIKKADual GeForce® RTX 2070 8G -näytönohjaimen NVIDIA®
G-SYNC -näyttötekniikka mahdollistaa sulavimman ja
nopeimman pelikokemuksen, jonka voit kuvitella. Se
eliminoi näytön repeilyn sekä minimoi kuvan
nykimisen ja näyttöviiveen. Nauti uusimmista FPS-,
urheilu- ja toimintaseikkailupeleistä
huippunopealla kuvataajuudella  myös
grafiikka-asetusten ollessa korkeimmalla tasolla!",https://www.tori.fi/uusimaa/Asus_2070_Dual_OC_118245753.htm?ca=18&w=1,15 syyskuuta 01:15,-,01:29:06 2023-10-02
Radeon 5600 xt näytönohjain,120.00,"Lisätiedot
			Sapphire radeon 5600 xt pulse näytönohjain.
Pelattu cs:go, ei juuri muuta...Kortissa korkeampien kellotaajuuksien bios
(https://www.pcgamer.com/sapphire-details-how-to-update-its-radeon-rx-5600-pulse-bios-to-make-it-run-faster/).Voi myös tarjota vähemmän, jos hinta on mielestäsi
kohtuuton. Mut menee ekalle täyden hinnan
tarjoajalle.",https://www.tori.fi/uusimaa/Radeon_5600_xt_naytonohjain_118237422.htm?ca=18&w=1,14 syyskuuta 19:29,Erinomainen,01:29:07 2023-10-02
Evga GTX970 4gb näytönohjain,35.00,"Lisätiedot
			Evga geforce GTX970 SSC 4GBToimii moitteitta.Hyvin pelasi BF4, csgo, lol, dayz, mutta esim.
squad ei enää pyöri siedettävästi.",https://www.tori.fi/uusimaa/Evga_GTX970_4gb_naytonohjain_118226475.htm?ca=18&w=1,14 syyskuuta 15:48,Erinomainen,01:29:08 2023-10-02
ASUS Radeon RX580 DUAL 8GB,130.00,"Lisätiedot
			Hyvässä kunnossa oleva näyttis nyt halvalla uuteen
kotiin Noin vuoden verran oli itsellä käytössä ja
uuden tilalta myyn nyt pois :) Speksit voitte
katsoa itse -> https://www.asus.com/motherboards-components/graphics-cards/dual/dual-rx580-8g/Rohkeesti viestiä vain ja juttelemaan myös hinta
ei ole kiveen hakattu  0406887121 parhaiten saa viestillä kiinni jos
uudet viestit eivät tule täällä lävitse :) t.jesse",https://www.tori.fi/uusimaa/ASUS_Radeon_RX580_DUAL_8GB_118226342.htm?ca=18&w=1,14 syyskuuta 15:45,Erinomainen,01:29:09 2023-10-02
Tesla K80 24GB,150.00,"Lisätiedot
			Myynnissä Tesla K80 24GB ram. Kortti vähän
kärsineen näköinen ulkoisesti koska irroitin
kaiken ylimääräisen kortin kuoresta jotta
jäähdytys toimi paremmin. Tässä kortissa ei ole
ulostuloa näyttöön eli toimii apuna tehoa
vaativassa käytössä. Nouto Helsinki 00410.",https://www.tori.fi/uusimaa/Tesla_K80_24GB_118216338.htm?ca=18&w=1,14 syyskuuta 12:04,Hyvä,01:29:10 2023-10-02
RTX 3050 kaupan,215.00,"Lisätiedot
			Tässä Olisi erittäin vähän käytetty RTX 3050 8GB.Tuli koneen mukana ja vaihdettiin pienen käytön
jälkeen toiseen näytönohjaimeen. Eli tämä jäi
tarpeettomaksi",https://www.tori.fi/uusimaa/RTX_3050_kaupan_118066618.htm?ca=18&w=1,13 syyskuuta 18:31,Erinomainen,01:29:11 2023-10-02
Msi rx480 8gt,40.00,"Lisätiedot
			Toimistokoneesta irrotettu, täysin toimiva.",https://www.tori.fi/uusimaa/Msi_rx480_8gt_118180249.htm?ca=18&w=1,13 syyskuuta 14:01,Hyvä,01:29:12 2023-10-02
Asus strix gtx 960 4gb,40.00,"Lisätiedot
			Myydään käyttämättömäksi jäänyt asuksen strix
kortti. Käytetty enimmäkseen csgo ja cs2
pelaamiseen. Lämpötahnat suosittelen vaihtamaan. Hinta 40/tarjous. Postitus +5,90.Sijaitsee vantaalla",https://www.tori.fi/uusimaa/Asus_strix_gtx_960_4gb_118177951.htm?ca=18&w=1,13 syyskuuta 13:15,Hyvä,01:29:13 2023-10-02
ASUS Geforce GTX 1080 Ti Turbo vesiblokilla,210.00,"Lisätiedot
			Täysin kunnossa ja suoraan PC:stäni. Mukaan myös
alkuperäinen ilmajäähdytin. Voin asentaa kumman
jäähdyttimen vain haluat.",https://www.tori.fi/uusimaa/ASUS_Geforce_GTX_1080_Ti_Turbo_vesiblokilla_118160660.htm?ca=18&w=1,12 syyskuuta 21:52,Erinomainen,01:29:14 2023-10-02
Gigabyte GTX 1080ti 11gb,240.00,"Lisätiedot
			Siitä uuden tieltä, todella hyvä kortti vielä
peleihin tai editointi hommiin pitkäksi aikaan. Tän kortin kanssa olen käyttänyt vesijäähyä
ainoastaan ja asensin juuri tuon originaali jäähyn
takaisin samalla uudet tahnat sisään.",https://www.tori.fi/uusimaa/Gigabyte_GTX_1080ti_11gb_118118782.htm?ca=18&w=1,11 syyskuuta 21:17,Erinomainen,01:29:15 2023-10-02
MSI GeForce RTX 3060 Ti 8GB (varattu),300.00,"Lisätiedot
			Yllä mainittu näytönohjain. Takuu voimassa.Mieluiten nouto viikistä",https://www.tori.fi/uusimaa/MSI_GeForce_RTX_3060_Ti_8GB__varattu__118114475.htm?ca=18&w=1,11 syyskuuta 19:35,Uusi,01:29:16 2023-10-02
Tuf rx 5700 8gb,200.00,"Lisätiedot
			Myydään yllä mainittu näytönohjain.Mieluiten nouto viikistä",https://www.tori.fi/uusimaa/Tuf_rx_5700_8gb_118113410.htm?ca=18&w=1,11 syyskuuta 19:15,Hyvä,01:29:17 2023-10-02
Kfa2 Gtx 1660ti,100.00,"Lisätiedot
			Myydään 4kpl kfa2 gtx1660ti kortteja.Kortit on täysin kunnossa olevat ja toimii niin
kuin pitää.On puhdistettu ja pidetty huolta näistä.Ei ongelmia lämpöjen kanssa ynm.Kaikkiin löytyy alkuperäiset laatikot.100e/kpl.Noutona tai postitettuna.Postituksiin lisätään kulut 10.90eRahat tilille ja paketti postiin kuin näkyy
tilillä.Hinta tingitty valmiiksi!",https://www.tori.fi/uusimaa/Kfa2_Gtx_1660ti_118057428.htm?ca=18&w=1,10 syyskuuta 16:02,Hyvä,01:29:18 2023-10-02
AMD RX 6800 16gb XFX Swft,500.00,"Lisätiedot
			ostettu verkkokaupasta 11/2021 takuu voimassa.
olen kortin toinen omistaja ja kortti ollu itsellä
vuoden verran ja ollut vain pelikäytössä",https://www.tori.fi/uusimaa/AMD_RX_6800_16gb_XFX_Swft_118025720.htm?ca=18&w=1,9 syyskuuta 21:52,Erinomainen,01:29:19 2023-10-02
Radeon RX 580 MSI Gaming X 8GB,69.00,"Lisätiedot
			Vaihdoin itse tehokkaampaan näyttikseen. Täysin
toimiva, pyörii hyvin 1080p pelit tällä vehkeellä.
Pystyy ylikellottamaan hiukan, mutta ei
tarpeellista. Nouto Espoosta / Helsingistä Kortista löytyy:PCI Express X 16 8GB GDDR52x DisplayPort, 2x HDMI ja DL-DVI-D portitDirectX12 optimoitu 1 x 8-pin virtaliitäntäMitat: 276 X 140 X 42mm Crossfire 2 teknologia Suosittelisin väh. 500W virtalähteen kaveriksi",https://www.tori.fi/uusimaa/Radeon_RX_580_MSI_Gaming_X_8GB_118014427.htm?ca=18&w=1,9 syyskuuta 17:11,-,01:29:20 2023-10-02
Asus GTX 970 turbo näytönohjain,80.00,"Lisätiedot
			Asus GTX 970 turbo näytönohjain. Toimiva, useamman
vuoden vanha. Ostaja maksaa mahdolliset
postituskulut.",https://www.tori.fi/uusimaa/Asus_GTX_970_turbo_naytonohjain_118004317.htm?ca=18&w=1,9 syyskuuta 14:12,Hyvä,01:29:21 2023-10-02
3080 ASUS tuf gaming OC 12gb,680.00,"Lisätiedot
			Reilu vuoden pelikäytössä ollut näytönohjain
väistyy uudemman tieltä.. mukaan alkuperäinen
paketti ja tukirauta.",https://www.tori.fi/uusimaa/3080_ASUS_tuf_gaming_OC_12gb_117989609.htm?ca=18&w=1,9 syyskuuta 09:42,Erinomainen,01:29:22 2023-10-02
Gigabyte GeForce GTX 1660 Ti OC 6GB,180.00,"Lisätiedot
			Täysin toimiva ja vähävirtainen näytönohjain.
ostettu 14.12.2021 eli takuu voimassa vielä 2024
vuoden loppuun. Kuitti tallessa.",https://www.tori.fi/uusimaa/Gigabyte_GeForce_GTX_1660_Ti_OC_6GB_117989135.htm?ca=18&w=1,9 syyskuuta 09:32,Erinomainen,01:29:23 2023-10-02
Rx570 4gb GPU näytönohjaimet,55.00,"Lisätiedot
			Omalla vanhemmalla koneella käytetään rx 570 4gb
näytönohjaimet",https://www.tori.fi/uusimaa/Rx570_4gb_GPU_naytonohjaimet_117942799.htm?ca=18&w=1,7 syyskuuta 20:13,Hyvä,01:29:24 2023-10-02
Gtx 970,70.00,"Lisätiedot
			Hyvässä kunnossa, ollut vähällä käytöllä.",https://www.tori.fi/uusimaa/Gtx_970_117926194.htm?ca=18&w=1,7 syyskuuta 14:18,Erinomainen,01:29:25 2023-10-02
Sapphire Radeon RX 580 Nitro+ 8GB,100.00,"Lisätiedot
			Otsikon mukainen n 3v käyttämättömänä seissyt
näytönohjain",https://www.tori.fi/uusimaa/Sapphire_Radeon_RX_580_Nitro__8GB_115968737.htm?ca=18&w=1,7 syyskuuta 12:46,Erinomainen,01:29:26 2023-10-02
Asus Geforece GTX 1060 6GB,100.00,"Lisätiedot
			Otsikon mukainen kolme vuotta käyttämättömänä
seissyt näytönohjain",https://www.tori.fi/uusimaa/Asus_Geforece_GTX_1060_6GB_115968777.htm?ca=18&w=1,7 syyskuuta 12:45,Erinomainen,01:29:27 2023-10-02
GTX 1660 Ti Näytönohjain,200.00,"Lisätiedot
			Tarpeettomaksi jäänyt. Moitteettomassa kunnossa.
Ei ole mainattu. Ostettu noin 3v sitten.Ominaisuudet:    Piiri: GeForce GTX 1660 Ti (Boost 1830 MHz)    Muisti: 6144 Mt, 192-bit GDDR6 12000 MHz    Väylä: PCI-Express 3.0    1 x HDMI 2.0b, 3 x Display Port 1.4    G-SYNC -tuki    VR READY -tuki    OpenGL 4.5    DirectX 12    Mitat: 20,4 x 12,8 x 4,2 cm    Virtaliittimet: 1 x 8-pin    Virrankulutus: 120 W    Virtalähdesuositus: 450 W",https://www.tori.fi/uusimaa/GTX_1660_Ti_Naytonohjain_116868220.htm?ca=18&w=1,7 syyskuuta 06:50,Erinomainen,01:29:28 2023-10-02
Gigabyte geforce gtx 1070 g1 gaming 8g,130.00,"Lisätiedot
			Päivitin pelikoneen reilu vuosi sitten ja tuo
jäänyt käyttämättömänä kaappiin istumaan. Hyvässä
kunnossa kuten kuvista näkyy ja raskain rasitus
ollut HTC Vivellä Fallout 4:n pelaaminen.",https://www.tori.fi/uusimaa/Gigabyte_geforce_gtx_1070_g1_gaming_8g_113963695.htm?ca=18&w=1,3 syyskuuta 12:38,Erinomainen,01:29:29 2023-10-02
IGame GeForce RTX 3060 Advanced OC 12G,260.00,"Lisätiedot
			Piirisarja: GeForce® RTX 3060Muisti    : 12GBKoko      : 315.5*131*53mmwebsite   :
https://en.colorful.cn/en/home/product?mid=102&id=1837Tehokas, hiljainenSiisti, pakettiboxin kanssa",https://www.tori.fi/uusimaa/IGame_GeForce_RTX_3060_Advanced_OC_12G_117736438.htm?ca=18&w=1,3 syyskuuta 11:48,Erinomainen,01:29:30 2023-10-02
Radeon vega 56,110.00,"Lisätiedot
			Sapphire Radeon rx vega 56 pulse, 8gt HBM2
muistilla. Toimi hyvin. Tehtud benchmark 3Dmark
Free versio ja heaven uniginella. Teatatud 8k
video.",https://www.tori.fi/uusimaa/Radeon_vega_56_117682257.htm?ca=18&w=1,2 syyskuuta 10:54,Hyvä,01:29:31 2023-10-02
Näytönohjain MSI GeForce GTX 1060 Gaming X 6G,98.00,"Lisätiedot
			Myydään otsikon ja kuvien mukainen käytetty,
toimiva näytönohjain.gpu.userbenchmark.com mukaan kortin nykyarvo on
noin 120 eur. Vain nouto Helsingin Käpylästä,
maksu käteisellä tai MobilePayllä.",https://www.tori.fi/uusimaa/Naytonohjain_MSI_GeForce_GTX_1060_Gaming_X_6G_117653776.htm?ca=18&w=1,1 syyskuuta 15:19,Hyvä,01:29:32 2023-10-02
ASUS Radeon RX580 4GB (OC edition),70.00,"Lisätiedot
			Vain nouto, tuote on Konalassa, HelsingissäMyyn näytönohjaimeni, koska olen vaihtanut
tehokkaampaan. Tätä käytettiin kevyesti (20 pelituntia viikossa),
eikä sitä koskaan käytetty kryptolouhintaan. Mukaan tulee alkuperäinen laatikko, jossa kaikki
suojat sisällä.  Tuotteen tekniset tiedot:ASUS Radeon RX580 (VR ready) OC editionGDDR5, 4GB memory.sopii 1080p, 60 fps pelaamiseen",https://www.tori.fi/uusimaa/ASUS_Radeon_RX580_4GB__OC_edition__117645105.htm?ca=18&w=1,1 syyskuuta 12:17,Erinomainen,01:29:33 2023-10-02
GeForce RTX 3060Ti,300.00,"Lisätiedot
			Myyn RTX 3060 Ti,koska olin saanut toista
näyttöohjaimen",https://www.tori.fi/uusimaa/GeForce_RTX_3060Ti_117633840.htm?ca=18&w=1,1 syyskuuta 00:47,Erinomainen,01:29:34 2023-10-02
Asus DirectCUII R9 280 3GB,30.00,"Lisätiedot
			Molemmat erinomaisessa kunnossa. tehoa löytyy gta
v, cs/cs2 (low med) r6s, residentti 7 eviliinkin,
mafia definitive edition ilman valittamista myösr9 280 30eHalvalla lähtee ja laatutakuulla.Noudolla järvenpäästä",https://www.tori.fi/uusimaa/Asus_DirectCUII_R9_280_3GB_117620041.htm?ca=18&w=1,31 elokuuta 17:54,Erinomainen,01:29:35 2023-10-02
M: Gainward GeForce GTX 1060 6GB,85.00,"Lisätiedot
			Gainward GeForce GTX 1060 6GB näytönohjainProduct Name GeForce® GTX 1060 6GB Barcode
426018336-3712 GPU GeForce GTX 1060 GPU Clockspeed 1708 Mhz (boost)/1506 Mhz (base) Memory 6GB GDDR5 (192 bits) Memory Clockspeed 4000Mhz (DDR 8G) Bandwidth 192
GB/sec Bus PCI-Express 3.0 x 16 Cooling 2 Slot Fan cooler Video-Features HDMI v2.0 Connectivity DVI-D + DisplayPort *3 Product Size 252mm x 112mm Power Connector 6-pin Hinta: 85 euroa",https://www.tori.fi/uusimaa/M__Gainward_GeForce_GTX_1060_6GB_117499850.htm?ca=18&w=1,29 elokuuta 02:31,Hyvä,01:29:36 2023-10-02
Sapphire Nitro+ 6800XT Vesiblokki,50.00,"Lisätiedot
			Alphacoolin blokki ja backplate. Täysin ehjä ja
toimiva. D-RGB (3pin) valaistus. Voin postittaa,
mutta postitus tapahtuu mallilla rahat ensin
tilille.",https://www.tori.fi/uusimaa/Sapphire_Nitro__6800XT_Vesiblokki_117480206.htm?ca=18&w=1,28 elokuuta 17:16,Erinomainen,01:29:37 2023-10-02
Nvidia GeForce GTX 1070 graphic card,160.00,"Lisätiedot
			About this itemPowered by the NVIDIA GeForce GTX 1070 graphics
processing unit (GPU)8GB GDDR5 (256-bit) on-board memoryPCI Express 3.0 x16 interfaceNVIDIA CUDA technologyVR-ready",https://www.tori.fi/uusimaa/Nvidia_GeForce_GTX_1070_graphic_card_117457113.htm?ca=18&w=1,28 elokuuta 10:22,Hyvä,01:29:38 2023-10-02
Asus GeForce PH-GTX1660S-O6G -näytönohjain,150.00,"Lisätiedot
			Myydään täysin käyttämätön Nvidia gtx 1660 super
näytönohjain.Takuuta jäljellä vielä noin 20 kuukautta.",https://www.tori.fi/uusimaa/Asus_GeForce_PH_GTX1660S_O6G__naytonohjain_117453241.htm?ca=18&w=1,28 elokuuta 08:30,Uusi,01:29:39 2023-10-02
Asus GTX 1060 STRIX OC 6GB,70.00,"Lisätiedot
			Näyttis on ollut hyvässä käytössä, pääsääntöisesti
pelaamisessa ja editoinnissa.Kyiseinen kappale toimii hyvin 1080p pelaamiseen
ja iänsä takia en voi antaa erinomaista
kuntoluokitusta. Myyn pois sillä oon siirtynyt 2k pelaamiseen ja
haluan enemmän tehoja.Mieluiten nouto, mutta tarvittaessa toimitus käy
myös.",https://www.tori.fi/uusimaa/Asus_GTX_1060_STRIX_OC_6GB_117450623.htm?ca=18&w=1,28 elokuuta 00:38,Hyvä,01:29:40 2023-10-02
Gigabyte G1 gaming GTX 970,50.00,"Lisätiedot
			Siisti näyttis orkkis laatikossa. Muistaakseni 3kk
sitten vaihdoin tahnat ja ajoin rasitustestiä
useamman tunnin.Kolmiosainen iso jäähy kolmella tuulettimella, GTX
970 korteista vahvin virransyöttö.",https://www.tori.fi/uusimaa/Gigabyte_G1_gaming_GTX_970_117415732.htm?ca=18&w=1,27 elokuuta 14:04,Hyvä,01:29:41 2023-10-02
Nvidia 1080ti 11gb game rock BykSki vesiblokilla,200.00,"Lisätiedot
			Myydään kuvanmukainen näyttis blokkeineen, väistyy
pelikoneestani uuden näyttiksen tieltä. Mieluiten
nouto vantaan simonkylästä. Kuvan karaliittimet ei
kuulu mukaan.  Mukaan ei tule ilmajäähdytintä.
Toiminut moitteetta ja pyörittää raskaampiakin
pelejä. Kyseisellä kortilla ja blokilla on saatu
näyttiksen tehot vastamaan 3060ti korttia. Kortti
ollut minulla uudesta asti pelikäytössä. Kyseistä korttia myydään ~200eur hinnalla. Blokki
maksaa 100-150eur joten turha tulla kitisemään
hinnasta. Nopeilla kaupoilla voidaan miettiä
hintaa. Vaihdossa voin ottaa, halvan am4 emon
(x470/b550/x570). Myös muuta tietokone osaa voi
tyrkyttää!Simonkylä, Vantaa 0407540282",https://www.tori.fi/uusimaa/Nvidia_1080ti_11gb_game_rock_BykSki_vesiblokilla_117377271.htm?ca=18&w=1,26 elokuuta 16:46,Erinomainen,01:29:42 2023-10-02
Asus Trix 1080GTX 8Gb näytönohjain,150.00,"Lisätiedot
			Myynnissä täysin toimiva GTX1080, ollut omassa
käytössä, aikoinaan ostettu jimms kaupasta.Nyt myynnissä kun uusi tullut tilalle. Kaikki
pelit tällä toimii 1080p Ultralla.Käteinen tai mobilepay",https://www.tori.fi/uusimaa/Asus_Trix_1080GTX_8Gb_naytonohjain_117301388.htm?ca=18&w=1,24 elokuuta 20:58,Erinomainen,01:29:43 2023-10-02
Msi aero 1060 3g,50.00,"Lisätiedot
			Myydään hyvin toimiva MSI Aero 1060 3G, joka on
noin 30-50% tehokkaampi kuin pikkuveljensä 1050ti.Pyörittää helposti vanhemmat pelit kuten roblox,
fortnite, league of legends yms.",https://www.tori.fi/uusimaa/Msi_aero_1060_3g_117292860.htm?ca=18&w=1,24 elokuuta 18:14,Hyvä,01:29:44 2023-10-02
MSI Aero 1050ti,50.00,"Lisätiedot
			Myydään täysin ongelmitta itseä palvellut MSI Aero
1050ti näytönohjain. Toimii pelkällä pcie portin
virralla, eikä täten vaadi erillistä virtajohtoa.Jaksaa pyörittää vanhempia pelejä kuten fortnite,
csgo, league of legends, roblox,  yms.",https://www.tori.fi/uusimaa/MSI_Aero_1050ti_117292487.htm?ca=18&w=1,24 elokuuta 18:06,Hyvä,01:29:45 2023-10-02
ASUS RX580 DUAL 8GB Näytönohjain,70.00,"Lisätiedot
			Myynnissä ASUS RX580 DUAL 8GB NäytönohjainOllut pelikäytössä n. 3 vuottaValmistajan sivut:https://www.asus.com/fi/motherboards-components/graphics-cards/dual/dual-rx580-o8g/",https://www.tori.fi/uusimaa/ASUS_RX580_DUAL_8GB_Naytonohjain_117287285.htm?ca=18&w=1,24 elokuuta 16:28,Erinomainen,01:29:46 2023-10-02
RX 580 Sapphire Dual 8GB,80.00,"Lisätiedot
			Otsikon mukainen näytönohjain uuden alta myyntiin.
Lämmöt pysyy hyvin kurissa kahden tuulettimen
ansioista. Tällä pelaa vielä pitkään 1080p
tarkkuudella.",https://www.tori.fi/uusimaa/RX_580_Sapphire_Dual_8GB_117267247.htm?ca=18&w=1,24 elokuuta 09:42,Erinomainen,01:29:47 2023-10-02
Gigabyte GTX 750 2GB,30.00,"Lisätiedot
			Päivityksen alta seuraavalle myyntiin.Täysin toimiva näyttis.",https://www.tori.fi/uusimaa/Gigabyte_GTX_750_2GB_117262352.htm?ca=18&w=1,24 elokuuta 00:23,Erinomainen,01:29:48 2023-10-02
Asus tuf rx5700xt o8g gaming,180.00,"Lisätiedot
			Myydään otsikon ja kuvien mukainen ADM Radeon
RX5700XT. Mieluiten nouto, postitus onnistuu.",https://www.tori.fi/uusimaa/Asus_tuf_rx5700xt_o8g_gaming_117222028.htm?ca=18&w=1,23 elokuuta 10:13,Erinomainen,01:29:49 2023-10-02
PowerColor RX 580 8Gb,70.00,"Lisätiedot
			Myydään hyväkuntoinen PowerColor RX 580 8Gb.Mieluiten nouto mutta postituskin mahdollista.Hinta: 70",https://www.tori.fi/uusimaa/PowerColor_RX_580_8Gb_117221850.htm?ca=18&w=1,23 elokuuta 10:08,Hyvä,01:29:50 2023-10-02
Näytönohjain Rx 470,40.00,"Lisätiedot
			Myydään MSI rx470 4gb näyttis.Ollut viime ajat varakorttina kaapissa.",https://www.tori.fi/uusimaa/Naytonohjain_Rx_470_117202488.htm?ca=18&w=1,22 elokuuta 18:54,Hyvä,01:29:51 2023-10-02
Asus Strix GTX970 4Gb,45.00,"Lisätiedot
			Moitteeton GTX 970 myynnissä. Otettu pois suoraan
käytöstä. Ollut joskus pelikäytössä ja myöhemmin
ihan kodin viihdeyksikkönä.Nouto Käpylästä ja maksu mobilepaylla.",https://www.tori.fi/uusimaa/Asus_Strix_GTX970_4Gb_117183579.htm?ca=18&w=1,22 elokuuta 13:21,Erinomainen,01:29:52 2023-10-02
ASUS rx 480,125.00,"Lisätiedot
			SpecsRX 480 4GBVähän käytetty",https://www.tori.fi/uusimaa/ASUS_rx_480_117168706.htm?ca=18&w=1,22 elokuuta 07:55,Erinomainen,01:29:53 2023-10-02
MSI GTX 980 Gaming 4GB,65.00,"Lisätiedot
			Suoraan käytöstä myyntiin, tällä hetkellä
jokapäiväisessä käytössä. Ei mitään vikoja tai
ongelmia kortin kanssa ollut. Vain liian tehokas
omaan käyttöön.Nouto: PäiväkumpuMaksutapa : Käteinen",https://www.tori.fi/uusimaa/MSI_GTX_980_Gaming_4GB_117122390.htm?ca=18&w=1,21 elokuuta 02:14,Hyvä,01:29:54 2023-10-02
Gigabyte GeForce RTX 2070 Super Gaming OC 8G,300.00,"Lisätiedot
			FeaturesPowered by GeForce® RTX 2070 SUPERIntegrated with 8GB GDDR6 256-bit memory
interface. WINDFORCE 3X Cooling System with
alternate spinning fans RGB Fusion 2.0 synchronize
with other AORUS devices. Metal Back Plate.",https://www.tori.fi/uusimaa/Gigabyte_GeForce_RTX_2070_Super_Gaming_OC_8G_117064601.htm?ca=18&w=1,19 elokuuta 20:49,Erinomainen,01:29:55 2023-10-02
GTX 1050 mini,25.00,"Lisätiedot
			Myynnissä GTX 1050 mini. Tämä näyttis pyörittää
kevyitä pelejä mainiosti mutta graafisesti
raskaampien pelien kanssa sillä on vähän ongelmia.
Tämän näyttön ohjain on hyvä budjetti koneeseen,
koska se tuottaa hyviä tuloksia halvalla
hinnallaan. Ei ole enään tarvetta koska ostin
uuden koneen.",https://www.tori.fi/uusimaa/GTX_1050_mini_117044596.htm?ca=18&w=1,19 elokuuta 14:30,Erinomainen,01:29:56 2023-10-02
2kpl Radeon HD 6850 cross fire näytönohjainta,50.00,"Lisätiedot
			Uuden kortin tieltä toimivat kaksi (2) Radeon HD
6850 cross fire näytönohjainta jotka voi yhdistää
toisiinsa.Malli: Toxic HD680 1G GDDR5 PCI-ENouto tai kaupat Kirkkonummi / Länsi-Espoo /
Helsingin keskusta alueella sovittaessa",https://www.tori.fi/uusimaa/2kpl_Radeon_HD_6850_cross_fire_naytonohjainta_116948412.htm?ca=18&w=1,17 elokuuta 11:14,Hyvä,01:29:57 2023-10-02
Näyttönhjain GTX 1050ti MSI Gaming X Edition,55.00,"Lisätiedot
			Näyttönohain on erinomaisessa kunnossa ja siitä ei
oltu avattu.Jos tulee lisää kysymyksiä kirjoittakaa vaan.",https://www.tori.fi/uusimaa/Nayttonhjain_GTX_1050ti_MSI_Gaming_X_Edition_116938835.htm?ca=18&w=1,17 elokuuta 00:01,Erinomainen,01:29:58 2023-10-02
RTX 3060,275.00,"Lisätiedot
			Vähän käytetty näytönohjain.Ostettu Gigantista 9/21Ostaja maksaa postituksen",https://www.tori.fi/uusimaa/RTX_3060_116931720.htm?ca=18&w=1,16 elokuuta 20:12,Erinomainen,01:29:59 2023-10-02
Uusi vesijäähdytin kortille GTX 770,30.00,"Lisätiedot
			Käyttämätön vesijäähdytin kortille GTX 770. Aivan
uusi ja loistokunnossa alkuperäispakkaus mukaan
lukien.Nouto Suutarilasta",https://www.tori.fi/uusimaa/Uusi_vesijaahdytin_kortille_GTX_770_116878196.htm?ca=18&w=1,15 elokuuta 17:51,Uusi,01:30:00 2023-10-02
AMD vega 64 strix OC 8g,150.00,"Lisätiedot
			Working like a charm. Selling cos I dont use it anymore. Perfect for 1080p to 2k gaming.",https://www.tori.fi/uusimaa/AMD_vega_64_strix_OC_8g_116868757.htm?ca=18&w=1,15 elokuuta 14:48,Erinomainen,01:30:01 2023-10-02
Rx 5700 xt,200.00,"Lisätiedot
			Kuvien mukainen näyttis ylimääräisenä myyntiin.",https://www.tori.fi/uusimaa/Rx_5700_xt_116842385.htm?ca=18&w=1,14 elokuuta 20:50,Hyvä,01:30:02 2023-10-02
Asus TUF RX5700,180.00,"Lisätiedot
			Myydään erittäin hyväkuntoinen AMDn RX5700
näytönohjain. Kortti on puhdistettu sekä siitä on
pidetty ammattimaisesti huolta. Takuuta ei ole
valitettavasti jäljellä.Kortti soveltuu erittäin hyvin 1080p - 1440p
monitoreilla pelaamiseen.Tuote voidaan postittaa turvallisesti, mutta
mieluiten nouto.",https://www.tori.fi/uusimaa/Asus_TUF_RX5700_116827405.htm?ca=18&w=1,14 elokuuta 16:24,Erinomainen,01:30:03 2023-10-02
Näytönohjain - EVGA GTX 760 Superclocked 2GB,30.00,"Lisätiedot
			EVGA NVIDIA GTX 760 02G-P4-2765-KR Superclocked
2GB GDDR5 PCI-E Video CardVoit soittaa, tai tekstata minulle numeroon...WhatsApp:lla sekä normaalisti:Puh. 0400516246Muista katsella muutkin Tori-ilmoitukseni.Kirjainmerkitse Kaikki-Ilmoitukseni Sivut...(Myytävä vaihtuu Usein.)Otan Kaikenlaisia Tarjouksia Vastaan...",https://www.tori.fi/uusimaa/Naytonohjain___EVGA_GTX_760_Superclocked_2GB_116792392.htm?ca=18&w=1,13 elokuuta 19:42,Erinomainen,01:30:04 2023-10-02
MSI Geforce gt 1030 oc edition,65.00,"Lisätiedot
			Vähällä käytöllä ollut näytönohjain, vaikkapa
multimediakoneeseen. Alkuperäinen pakkaus
sisältöineen.HP/Tarjoa",https://www.tori.fi/uusimaa/MSI_Geforce_gt_1030_oc_edition_116758770.htm?ca=18&w=1,13 elokuuta 11:03,Erinomainen,01:30:05 2023-10-02
MSI Radeon armor Rx 580,110.00,"Lisätiedot
			MSI Radeon armor rx580 8gb G5 DVI HDMI256 bitUusi",https://www.tori.fi/uusimaa/MSI_Radeon_armor_Rx_580_116752510.htm?ca=18&w=1,13 elokuuta 08:50,Uusi,01:30:06 2023-10-02
Nvidia gtx 960 2gb näytönohjain,40.00,"Lisätiedot
			Vähällä käytöllä ollut näytönohjain maksu käteinen
tai mobilepay nouto riihikallio tuusula",https://www.tori.fi/uusimaa/Nvidia_gtx_960_2gb_naytonohjain_116749330.htm?ca=18&w=1,12 elokuuta 23:04,Erinomainen,01:30:07 2023-10-02
Pelikoneen osia,170.00,"Lisätiedot
			Myydään.2kpl kinston hyperx fury ddr4 muisteja (8gt
yhteensä) 20 eur yhteensämsi geforce gtx 1660 ventus xs 6g oc näytönojain,
1 hdmi portti ei toimi. (2 x hdmi + 2 x DP) 150
eurMYYTY: emolevy msi mpg z390 gaming plus 70 eurMYYTY: prosessori intel i5 9400f 60 eurosina tai kaikki yhteensä 170 eurei postitetanouto espoosta",https://www.tori.fi/uusimaa/Pelikoneen_osia_116720723.htm?ca=18&w=1,12 elokuuta 12:44,Hyvä,01:30:08 2023-10-02
Asus gtx 1050,50.00,"Lisätiedot
			Asus gtx 1050 näytönohjain. Kaksi tuuletinta.
Punamusta. 2GB. Näytönohjaimesta ei kuulu
ylimääräisiä ääniä.",https://www.tori.fi/uusimaa/Asus_gtx_1050_116700461.htm?ca=18&w=1,11 elokuuta 20:14,Erinomainen,01:30:09 2023-10-02
2kpl GTX 970 + SLI bridge,100.00,"Lisätiedot
			Myydään 2kpl Nvidia GTX 970 Inno3D näytönohjaimet
+ SLI bridge. Näyttikset ovat jo usean vuoden
vanhoja, mutta pelittävät silti hyvin. Näillä ei
ole ikinä louhittu, vaan ollut pelikäytössä. Mieluiten nouto Herttoniemestä ja mobilepay. Saa
tarjota",https://www.tori.fi/uusimaa/2kpl_GTX_970___SLI_bridge_116668843.htm?ca=18&w=1,11 elokuuta 09:38,Hyvä,01:30:10 2023-10-02
GeForce GTX 1660 Ti EVO,140.00,"Lisätiedot
			Myydään Asus GeForce GTX 1660 Ti TUF Gaming EVO OC
2xHDMI DP 6GBNäytönohjain on ollut vähäisessä käytössä sekä
takuu on vielä voimassa 01.02.2024 asti.",https://www.tori.fi/uusimaa/GeForce_GTX_1660_Ti_EVO_116666271.htm?ca=18&w=1,11 elokuuta 08:23,Erinomainen,01:30:11 2023-10-02
MSI GTX770 2kpl SLI,50.00,"Lisätiedot
			Myydään 2kpl GTX770 näytönohjainta, mukaan SLI
silta",https://www.tori.fi/uusimaa/MSI_GTX770_2kpl_SLI_116650682.htm?ca=18&w=1,10 elokuuta 18:36,Erinomainen,01:30:12 2023-10-02
Nvidia GTX 660 Ti OC,50.00,"Lisätiedot
			Tästä vanha mutta toimiva näytönohjain.Asus nvidia GTX 660 Ti ocTarjoa.",https://www.tori.fi/uusimaa/Nvidia_GTX_660_Ti_OC_116629178.htm?ca=18&w=1,10 elokuuta 11:43,Hyvä,01:30:13 2023-10-02
Asus ROG Strix GeForce GTX1070 8G,120.00,"Lisätiedot
			Myydään kyseinen näytönohjain täysin toimivana
pois uuden alta. Alkuperäistä pakkausta ei ole,
joten postitus ei onnistu. Nouto Helsingin
Herttoniemestä.Näytönohjain ollut pelikäytössä ja pyörittänyt
hyvin csgo, modern warfare 2, pubg.",https://www.tori.fi/uusimaa/Asus_ROG_Strix_GeForce_GTX1070_8G_116613154.htm?ca=18&w=1,9 elokuuta 20:59,Erinomainen,01:30:14 2023-10-02
Koneen osia,150.00,"Lisätiedot
			Gtx 1060 6gb strix I7-4790K I5-45902x HyperX Rami tikkuja 4gb per tikku2x corsair Rami tikkuja 8gb per tikkuI7 ja 1060 myyty.",https://www.tori.fi/uusimaa/Koneen_osia_116573527.htm?ca=18&w=1,9 elokuuta 07:43,Hyvä,01:30:15 2023-10-02
Asus ROG gtx 1650 näytönohjain,100.00,"Lisätiedot
			Pari vuotta vanha ja vähän käytetty.Nouto Espoosta.",https://www.tori.fi/uusimaa/Asus_ROG_gtx_1650_naytonohjain_116541397.htm?ca=18&w=1,8 elokuuta 13:49,Erinomainen,01:30:16 2023-10-02
