Title,Price
Tuf-gtx1660s 6gb,100 €
Asus ROG STRIX RX5600XT 6G GAMING,140 €
Näytönohjain - MSI GeForce GTX 960 Gaming 2GB,45 €
Asus rtx 3060ti gaming,350 €
MSI Geforce GTX 1060 6GT OCV1 6GB PCI-E,70 €
Gtx460 ja Radeon HD6750,25 €
ASUS Nvidia GeForce Dual GTX 1070 OC 8GB,100 €
GTX 1070 Strix,99 €
Nvidia RTX 3060 näytönohjain,190 €
Gtx 770,40 €
Asus TUF Geforce RTX 3070 OC,400 €
MSI GeForce GTX 1050 2GB,30 €
GeForce RTX 2080 Ventus 8G näytönohjain,280 €
Asus tuf RTX 3080,550 €
Näytönohjain Asus 3060Ti Tuf gaming,300 €
Palit GeForce GTX 1050Ti 4Gb,70 €
"Näytönohjain, emolevy ja virtalähde",30 €
Msi rtx 3070ti,500 €
PNY XLR8 GTX 1660 Ti Gaming OC,110 €
Gigabyte GTX 1650 OC LP - 4GB GDDR5,100 €
Asus GTX 580 DirectCUII,60 €
Asus Strix GTX 980 Ti 6GB,100 €
Nvidia Geforce 1060 6GB,100 €
PNY 1660Super,99 €
Asus 2070 Dual OC,199 €
Radeon 5600 xt näytönohjain,140 €
Evga GTX 970 4gb näytönohjain,35 €
ASUS Radeon RX580 DUAL 8GB,130 €
Tesla K80 24GB,150 €
RTX 3050 kaupan,215 €
Msi rx480 8gt,40 €
Asus strix gtx 960 4gb,40 €
ASUS Geforce GTX 1080 Ti Turbo vesiblokilla,230 €
AMD RX 580 Asus Strix 8GB,69 €
Gigabyte GTX 1080ti 11gb,240 €
MSI GeForce RTX 3060 Ti 8GB (varattu),300 €
Tuf rx 5700 8gb,200 €
Asus Strix R9 380X,50 €
Kfa2 Gtx 1660ti,100 €
AMD RX 6800 16gb XFX Swft,500 €
Radeon RX 580 MSI Gaming X 8GB,69 €
Msi GeForce GTX 1060 AERO ITX 6GB OC,70 €
Asus GTX 970 turbo näytönohjain,80 €
3080 ASUS tuf gaming OC 12gb,680 €
Gigabyte GeForce GTX 1660 Ti OC 6GB,180 €
Rx570 4gb GPU näytönohjaimet,55 €
Gtx 970,70 €
Sapphire Radeon RX 580 Nitro+ 8GB,100 €
Asus Geforece GTX 1060 6GB,100 €
GTX 1660 Ti Näytönohjain,200 €
Gigabyte geforce gtx 1070 g1 gaming 8g,130 €
IGame GeForce RTX 3060 Advanced OC 12G,260 €
Radeon vega 56,110 €
Näytönohjain MSI GeForce GTX 1060 Gaming X 6G,110 €
ASUS Radeon RX580 4GB (OC edition),80 €
GeForce RTX 3060Ti,300 €
Pelinäytönohjain: Asus GTX 1060,60 €
Asus DirectCUII R9 280 3GB,30 €
AMD Radeon RX 6400,100 €
GeForce GTX 1070,105 €
NVIDIA P106-90 6GB louhinta kone,250 €
M: Gainward GeForce GTX 1060 6GB,85 €
Sapphire Nitro+ 6800XT Vesiblokki,50 €
Nvidia GeForce GTX 1070 graphic card,160 €
Asus GeForce PH-GTX1660S-O6G -näytönohjain,150 €
Asus GTX 1060 STRIX OC 6GB,70 €
Gigabyte G1 gaming GTX 970,50 €
Nvidia 1080ti 11gb game rock BykSki vesiblokilla,200 €
Asus Trix 1080GTX 8Gb näytönohjain,150 €
Msi aero 1060 3g,50 €
MSI Aero 1050ti,50 €
ASUS RX580 DUAL 8GB Näytönohjain,70 €
RX 580 Sapphire Dual 8GB,80 €
Gigabyte GTX 750 2GB,30 €
Asus tuf rx5700xt o8g gaming,200 €
PowerColor RX 580 8Gb,80 €
Näytönohjain - MSI GeForce GTX 960 Gaming 4G,60 €
Näytönohjain Rx 470,40 €
Asus Strix GTX970 4Gb,45 €
ASUS rx 480,125 €
MSI GTX 980 Gaming 4GB,65 €
Gigabyte GeForce RTX 2070 Super Gaming OC 8G,300 €
GTX 1050 mini,25 €
2kpl Radeon HD 6850 cross fire näytönohjainta,50 €
Näyttönhjain GTX 1050ti MSI Gaming X Edition,55 €
RTX 3060,275 €
Uusi vesijäähdytin kortille GTX 770,30 €
AMD vega 64 strix OC 8g,150 €
MSI GeForce GTX 1650 SUPER VENTUS -näytönohjain,120 €
Rx 5700 xt,200 €
Asus TUF RX5700,180 €
Näytönohjain - EVGA GTX 760 Superclocked 2GB,30 €
MSI Geforce gt 1030 oc edition,65 €
MSI Radeon armor Rx 580,110 €
Nvidia gtx 960 2gb näytönohjain,40 €
Asus ROG Strix GTX 1060 6GB näytönohjain,80 €
Pelikoneen osia,170 €
Asus gtx 1050,50 €
2kpl GTX 970 + SLI bridge,100 €
GeForce GTX 1660 Ti EVO,140 €
MSI GTX770 2kpl SLI,50 €
Nvidia GTX 660 Ti OC,50 €
Asus ROG Strix GeForce GTX1070 8G,120 €
Koneen osia,150 €
Asus ROG gtx 1650 näytönohjain,100 €
Msi 780 ti 3gb,40 €
MSI GeForce GT710,30 €
Aorus GTX 1070 Gaming Box ulkoinen näytönohjain,300 €
MSI GeForce GTX1060 6Gb GamingX,75 €
Näytönohjaimet Gigabyte GTX 1660 SUPER OC 6GB DDR6,90 €
GIGABYTE AORUS GeForce GTX 1080 Ti Xtreme Edition,550 €
R3G Ulkoinen näyttis telakka,40 €
Asus ATI Radeon näytönohjain,30 €
GeForce GTX960,60 €
MSI 750Ti 2GB OC,25 €
Gigabyte 1060 3gb,50 €
Geforce GTX 1060 OC 6gb strix,85 €
Bitcoin miner / Geforce GTX 1080TI näytönohj.5 kpl,650 €
Näytönohjain - CLUB3D Radeon HD 7970 3GB,30 €
Gigabyte Nvidia GTX 960 2GB,30 €
Näytönohjain - Gigabyte GeForce GTX 760 2GB OC,35 €
MSI 1070 Gaming X näytönohjain + Ryzen 5 2600X,120 €
MSI GeForce GTX 1070 Gaming X 8G graphics card,130 €
Radeon HD 3450 AGP Edition,25 €
Radeon RX 580 OC 4 Gt,49 €
Näytönohjain strix-gtx960-dc2oc-2gd5,35 €
ASUS TUF 1660 Super 6gb - Näytönohjain,162 €
ASUS GeForce RTX 3090 ROG Strix OC Edition,1 370 €
Näytönohjaimia GTX1060 6GB GTX1070 Vega64,80 €
Näytönohjain - Gigabyte R9 270X 2GB OC,30 €
MSI GeForce Gaming X GTX 1070 8GB,130 €
Gigabyte RTX 2080 vesijäähdytyksellä,320 €
"Näytönohjain: ASUS GeForce GTX 470 Fermi, 1 GB",35 €
"Näytönohjain: Gigabyte GTX 670 OC, 2 GB",37 €
